id,kode_provinsi,nama_provinsi,jumlah_pengeluaran_per_kapita,satuan,tahun
1,11,ACEH,,RIBU RUPIAH/ORANG/TAHUN,2010
2,12,SUMATERA UTARA,,RIBU RUPIAH/ORANG/TAHUN,2010
3,13,SUMATERA BARAT,,RIBU RUPIAH/ORANG/TAHUN,2010
4,14,RIAU,,RIBU RUPIAH/ORANG/TAHUN,2010
5,15,JAMBI,,RIBU RUPIAH/ORANG/TAHUN,2010
6,16,SUMATERA SELATAN,,RIBU RUPIAH/ORANG/TAHUN,2010
7,17,BENGKULU,,RIBU RUPIAH/ORANG/TAHUN,2010
8,18,LAMPUNG,,RIBU RUPIAH/ORANG/TAHUN,2010
9,19,KEPULAUAN BANGKA BELITUNG,,RIBU RUPIAH/ORANG/TAHUN,2010
10,21,KEPULAUAN RIAU,,RIBU RUPIAH/ORANG/TAHUN,2010
11,31,DKI JAKARTA,,RIBU RUPIAH/ORANG/TAHUN,2010
12,32,JAWA BARAT,,RIBU RUPIAH/ORANG/TAHUN,2010
13,33,JAWA TENGAH,,RIBU RUPIAH/ORANG/TAHUN,2010
14,34,DI YOGYAKARTA,,RIBU RUPIAH/ORANG/TAHUN,2010
15,35,JAWA TIMUR,,RIBU RUPIAH/ORANG/TAHUN,2010
16,36,BANTEN,,RIBU RUPIAH/ORANG/TAHUN,2010
17,51,BALI,,RIBU RUPIAH/ORANG/TAHUN,2010
18,52,NUSA TENGGARA BARAT,,RIBU RUPIAH/ORANG/TAHUN,2010
19,53,NUSA TENGGARA TIMUR,,RIBU RUPIAH/ORANG/TAHUN,2010
20,61,KALIMANTAN BARAT,,RIBU RUPIAH/ORANG/TAHUN,2010
21,62,KALIMANTAN TENGAH,,RIBU RUPIAH/ORANG/TAHUN,2010
22,63,KALIMANTAN SELATAN,,RIBU RUPIAH/ORANG/TAHUN,2010
23,64,KALIMANTAN TIMUR,,RIBU RUPIAH/ORANG/TAHUN,2010
24,65,KALIMANTAN UTARA,0.0,RIBU RUPIAH/ORANG/TAHUN,2010
25,71,SULAWESI UTARA,,RIBU RUPIAH/ORANG/TAHUN,2010
26,72,SULAWESI TENGAH,,RIBU RUPIAH/ORANG/TAHUN,2010
27,73,SULAWESI SELATAN,,RIBU RUPIAH/ORANG/TAHUN,2010
28,74,SULAWESI TENGGARA,,RIBU RUPIAH/ORANG/TAHUN,2010
29,75,GORONTALO,,RIBU RUPIAH/ORANG/TAHUN,2010
30,76,SULAWESI BARAT,,RIBU RUPIAH/ORANG/TAHUN,2010
31,81,MALUKU,,RIBU RUPIAH/ORANG/TAHUN,2010
32,82,MALUKU UTARA,,RIBU RUPIAH/ORANG/TAHUN,2010
33,91,PAPUA BARAT,,RIBU RUPIAH/ORANG/TAHUN,2010
34,94,PAPUA,,RIBU RUPIAH/ORANG/TAHUN,2010
35,11,ACEH,,RIBU RUPIAH/ORANG/TAHUN,2011
36,12,SUMATERA UTARA,,RIBU RUPIAH/ORANG/TAHUN,2011
37,13,SUMATERA BARAT,,RIBU RUPIAH/ORANG/TAHUN,2011
38,14,RIAU,,RIBU RUPIAH/ORANG/TAHUN,2011
39,15,JAMBI,,RIBU RUPIAH/ORANG/TAHUN,2011
40,16,SUMATERA SELATAN,,RIBU RUPIAH/ORANG/TAHUN,2011
41,17,BENGKULU,,RIBU RUPIAH/ORANG/TAHUN,2011
42,18,LAMPUNG,,RIBU RUPIAH/ORANG/TAHUN,2011
43,19,KEPULAUAN BANGKA BELITUNG,,RIBU RUPIAH/ORANG/TAHUN,2011
44,21,KEPULAUAN RIAU,,RIBU RUPIAH/ORANG/TAHUN,2011
45,31,DKI JAKARTA,,RIBU RUPIAH/ORANG/TAHUN,2011
46,32,JAWA BARAT,,RIBU RUPIAH/ORANG/TAHUN,2011
47,33,JAWA TENGAH,,RIBU RUPIAH/ORANG/TAHUN,2011
48,34,DI YOGYAKARTA,,RIBU RUPIAH/ORANG/TAHUN,2011
49,35,JAWA TIMUR,,RIBU RUPIAH/ORANG/TAHUN,2011
50,36,BANTEN,,RIBU RUPIAH/ORANG/TAHUN,2011
51,51,BALI,,RIBU RUPIAH/ORANG/TAHUN,2011
52,52,NUSA TENGGARA BARAT,,RIBU RUPIAH/ORANG/TAHUN,2011
53,53,NUSA TENGGARA TIMUR,,RIBU RUPIAH/ORANG/TAHUN,2011
54,61,KALIMANTAN BARAT,,RIBU RUPIAH/ORANG/TAHUN,2011
55,62,KALIMANTAN TENGAH,,RIBU RUPIAH/ORANG/TAHUN,2011
56,63,KALIMANTAN SELATAN,,RIBU RUPIAH/ORANG/TAHUN,2011
57,64,KALIMANTAN TIMUR,,RIBU RUPIAH/ORANG/TAHUN,2011
58,65,KALIMANTAN UTARA,0.0,RIBU RUPIAH/ORANG/TAHUN,2011
59,71,SULAWESI UTARA,9113.0,RIBU RUPIAH/ORANG/TAHUN,2011
60,72,SULAWESI TENGAH,,RIBU RUPIAH/ORANG/TAHUN,2011
61,73,SULAWESI SELATAN,,RIBU RUPIAH/ORANG/TAHUN,2011
62,74,SULAWESI TENGGARA,,RIBU RUPIAH/ORANG/TAHUN,2011
63,75,GORONTALO,,RIBU RUPIAH/ORANG/TAHUN,2011
64,76,SULAWESI BARAT,,RIBU RUPIAH/ORANG/TAHUN,2011
65,81,MALUKU,,RIBU RUPIAH/ORANG/TAHUN,2011
66,82,MALUKU UTARA,,RIBU RUPIAH/ORANG/TAHUN,2011
67,91,PAPUA BARAT,,RIBU RUPIAH/ORANG/TAHUN,2011
68,94,PAPUA,,RIBU RUPIAH/ORANG/TAHUN,2011
69,11,ACEH,,RIBU RUPIAH/ORANG/TAHUN,2012
70,12,SUMATERA UTARA,,RIBU RUPIAH/ORANG/TAHUN,2012
71,13,SUMATERA BARAT,,RIBU RUPIAH/ORANG/TAHUN,2012
72,14,RIAU,,RIBU RUPIAH/ORANG/TAHUN,2012
73,15,JAMBI,,RIBU RUPIAH/ORANG/TAHUN,2012
74,16,SUMATERA SELATAN,,RIBU RUPIAH/ORANG/TAHUN,2012
75,17,BENGKULU,,RIBU RUPIAH/ORANG/TAHUN,2012
76,18,LAMPUNG,,RIBU RUPIAH/ORANG/TAHUN,2012
77,19,KEPULAUAN BANGKA BELITUNG,,RIBU RUPIAH/ORANG/TAHUN,2012
78,21,KEPULAUAN RIAU,,RIBU RUPIAH/ORANG/TAHUN,2012
79,31,DKI JAKARTA,,RIBU RUPIAH/ORANG/TAHUN,2012
80,32,JAWA BARAT,,RIBU RUPIAH/ORANG/TAHUN,2012
81,33,JAWA TENGAH,,RIBU RUPIAH/ORANG/TAHUN,2012
82,34,DI YOGYAKARTA,,RIBU RUPIAH/ORANG/TAHUN,2012
83,35,JAWA TIMUR,,RIBU RUPIAH/ORANG/TAHUN,2012
84,36,BANTEN,,RIBU RUPIAH/ORANG/TAHUN,2012
85,51,BALI,,RIBU RUPIAH/ORANG/TAHUN,2012
86,52,NUSA TENGGARA BARAT,,RIBU RUPIAH/ORANG/TAHUN,2012
87,53,NUSA TENGGARA TIMUR,,RIBU RUPIAH/ORANG/TAHUN,2012
88,61,KALIMANTAN BARAT,,RIBU RUPIAH/ORANG/TAHUN,2012
89,62,KALIMANTAN TENGAH,,RIBU RUPIAH/ORANG/TAHUN,2012
90,63,KALIMANTAN SELATAN,,RIBU RUPIAH/ORANG/TAHUN,2012
91,64,KALIMANTAN TIMUR,,RIBU RUPIAH/ORANG/TAHUN,2012
92,65,KALIMANTAN UTARA,0.0,RIBU RUPIAH/ORANG/TAHUN,2012
93,71,SULAWESI UTARA,,RIBU RUPIAH/ORANG/TAHUN,2012
94,72,SULAWESI TENGAH,,RIBU RUPIAH/ORANG/TAHUN,2012
95,73,SULAWESI SELATAN,,RIBU RUPIAH/ORANG/TAHUN,2012
96,74,SULAWESI TENGGARA,,RIBU RUPIAH/ORANG/TAHUN,2012
97,75,GORONTALO,,RIBU RUPIAH/ORANG/TAHUN,2012
98,76,SULAWESI BARAT,,RIBU RUPIAH/ORANG/TAHUN,2012
99,81,MALUKU,,RIBU RUPIAH/ORANG/TAHUN,2012
100,82,MALUKU UTARA,,RIBU RUPIAH/ORANG/TAHUN,2012
101,91,PAPUA BARAT,,RIBU RUPIAH/ORANG/TAHUN,2012
102,94,PAPUA,,RIBU RUPIAH/ORANG/TAHUN,2012
103,11,ACEH,,RIBU RUPIAH/ORANG/TAHUN,2013
104,12,SUMATERA UTARA,,RIBU RUPIAH/ORANG/TAHUN,2013
105,13,SUMATERA BARAT,,RIBU RUPIAH/ORANG/TAHUN,2013
106,14,RIAU,,RIBU RUPIAH/ORANG/TAHUN,2013
107,15,JAMBI,,RIBU RUPIAH/ORANG/TAHUN,2013
108,16,SUMATERA SELATAN,,RIBU RUPIAH/ORANG/TAHUN,2013
109,17,BENGKULU,,RIBU RUPIAH/ORANG/TAHUN,2013
110,18,LAMPUNG,,RIBU RUPIAH/ORANG/TAHUN,2013
111,19,KEPULAUAN BANGKA BELITUNG,,RIBU RUPIAH/ORANG/TAHUN,2013
112,21,KEPULAUAN RIAU,,RIBU RUPIAH/ORANG/TAHUN,2013
113,31,DKI JAKARTA,,RIBU RUPIAH/ORANG/TAHUN,2013
114,32,JAWA BARAT,,RIBU RUPIAH/ORANG/TAHUN,2013
115,33,JAWA TENGAH,,RIBU RUPIAH/ORANG/TAHUN,2013
116,34,DI YOGYAKARTA,,RIBU RUPIAH/ORANG/TAHUN,2013
117,35,JAWA TIMUR,9978.0,RIBU RUPIAH/ORANG/TAHUN,2013
118,36,BANTEN,,RIBU RUPIAH/ORANG/TAHUN,2013
119,51,BALI,,RIBU RUPIAH/ORANG/TAHUN,2013
120,52,NUSA TENGGARA BARAT,,RIBU RUPIAH/ORANG/TAHUN,2013
121,53,NUSA TENGGARA TIMUR,,RIBU RUPIAH/ORANG/TAHUN,2013
122,61,KALIMANTAN BARAT,,RIBU RUPIAH/ORANG/TAHUN,2013
123,62,KALIMANTAN TENGAH,,RIBU RUPIAH/ORANG/TAHUN,2013
124,63,KALIMANTAN SELATAN,,RIBU RUPIAH/ORANG/TAHUN,2013
125,64,KALIMANTAN TIMUR,,RIBU RUPIAH/ORANG/TAHUN,2013
126,65,KALIMANTAN UTARA,,RIBU RUPIAH/ORANG/TAHUN,2013
127,71,SULAWESI UTARA,,RIBU RUPIAH/ORANG/TAHUN,2013
128,72,SULAWESI TENGAH,,RIBU RUPIAH/ORANG/TAHUN,2013
129,73,SULAWESI SELATAN,,RIBU RUPIAH/ORANG/TAHUN,2013
130,74,SULAWESI TENGGARA,,RIBU RUPIAH/ORANG/TAHUN,2013
131,75,GORONTALO,,RIBU RUPIAH/ORANG/TAHUN,2013
132,76,SULAWESI BARAT,,RIBU RUPIAH/ORANG/TAHUN,2013
133,81,MALUKU,,RIBU RUPIAH/ORANG/TAHUN,2013
134,82,MALUKU UTARA,,RIBU RUPIAH/ORANG/TAHUN,2013
135,91,PAPUA BARAT,,RIBU RUPIAH/ORANG/TAHUN,2013
136,94,PAPUA,,RIBU RUPIAH/ORANG/TAHUN,2013
137,11,ACEH,,RIBU RUPIAH/ORANG/TAHUN,2014
138,12,SUMATERA UTARA,9391.0,RIBU RUPIAH/ORANG/TAHUN,2014
139,13,SUMATERA BARAT,,RIBU RUPIAH/ORANG/TAHUN,2014
140,14,RIAU,,RIBU RUPIAH/ORANG/TAHUN,2014
141,15,JAMBI,,RIBU RUPIAH/ORANG/TAHUN,2014
142,16,SUMATERA SELATAN,,RIBU RUPIAH/ORANG/TAHUN,2014
143,17,BENGKULU,,RIBU RUPIAH/ORANG/TAHUN,2014
144,18,LAMPUNG,,RIBU RUPIAH/ORANG/TAHUN,2014
145,19,KEPULAUAN BANGKA BELITUNG,,RIBU RUPIAH/ORANG/TAHUN,2014
146,21,KEPULAUAN RIAU,,RIBU RUPIAH/ORANG/TAHUN,2014
147,31,DKI JAKARTA,,RIBU RUPIAH/ORANG/TAHUN,2014
148,32,JAWA BARAT,,RIBU RUPIAH/ORANG/TAHUN,2014
149,33,JAWA TENGAH,,RIBU RUPIAH/ORANG/TAHUN,2014
150,34,DI YOGYAKARTA,,RIBU RUPIAH/ORANG/TAHUN,2014
151,35,JAWA TIMUR,,RIBU RUPIAH/ORANG/TAHUN,2014
152,36,BANTEN,11150.0,RIBU RUPIAH/ORANG/TAHUN,2014
153,51,BALI,,RIBU RUPIAH/ORANG/TAHUN,2014
154,52,NUSA TENGGARA BARAT,,RIBU RUPIAH/ORANG/TAHUN,2014
155,53,NUSA TENGGARA TIMUR,,RIBU RUPIAH/ORANG/TAHUN,2014
156,61,KALIMANTAN BARAT,,RIBU RUPIAH/ORANG/TAHUN,2014
157,62,KALIMANTAN TENGAH,,RIBU RUPIAH/ORANG/TAHUN,2014
158,63,KALIMANTAN SELATAN,,RIBU RUPIAH/ORANG/TAHUN,2014
159,64,KALIMANTAN TIMUR,,RIBU RUPIAH/ORANG/TAHUN,2014
160,65,KALIMANTAN UTARA,,RIBU RUPIAH/ORANG/TAHUN,2014
161,71,SULAWESI UTARA,,RIBU RUPIAH/ORANG/TAHUN,2014
162,72,SULAWESI TENGAH,,RIBU RUPIAH/ORANG/TAHUN,2014
163,73,SULAWESI SELATAN,,RIBU RUPIAH/ORANG/TAHUN,2014
164,74,SULAWESI TENGGARA,,RIBU RUPIAH/ORANG/TAHUN,2014
165,75,GORONTALO,,RIBU RUPIAH/ORANG/TAHUN,2014
166,76,SULAWESI BARAT,,RIBU RUPIAH/ORANG/TAHUN,2014
167,81,MALUKU,,RIBU RUPIAH/ORANG/TAHUN,2014
168,82,MALUKU UTARA,,RIBU RUPIAH/ORANG/TAHUN,2014
169,91,PAPUA BARAT,,RIBU RUPIAH/ORANG/TAHUN,2014
170,94,PAPUA,,RIBU RUPIAH/ORANG/TAHUN,2014
171,11,ACEH,,RIBU RUPIAH/ORANG/TAHUN,2015
172,12,SUMATERA UTARA,,RIBU RUPIAH/ORANG/TAHUN,2015
173,13,SUMATERA BARAT,,RIBU RUPIAH/ORANG/TAHUN,2015
174,14,RIAU,,RIBU RUPIAH/ORANG/TAHUN,2015
175,15,JAMBI,,RIBU RUPIAH/ORANG/TAHUN,2015
176,16,SUMATERA SELATAN,,RIBU RUPIAH/ORANG/TAHUN,2015
177,17,BENGKULU,,RIBU RUPIAH/ORANG/TAHUN,2015
178,18,LAMPUNG,,RIBU RUPIAH/ORANG/TAHUN,2015
179,19,KEPULAUAN BANGKA BELITUNG,,RIBU RUPIAH/ORANG/TAHUN,2015
180,21,KEPULAUAN RIAU,,RIBU RUPIAH/ORANG/TAHUN,2015
181,31,DKI JAKARTA,,RIBU RUPIAH/ORANG/TAHUN,2015
182,32,JAWA BARAT,,RIBU RUPIAH/ORANG/TAHUN,2015
183,33,JAWA TENGAH,,RIBU RUPIAH/ORANG/TAHUN,2015
184,34,DI YOGYAKARTA,,RIBU RUPIAH/ORANG/TAHUN,2015
185,35,JAWA TIMUR,,RIBU RUPIAH/ORANG/TAHUN,2015
186,36,BANTEN,,RIBU RUPIAH/ORANG/TAHUN,2015
187,51,BALI,,RIBU RUPIAH/ORANG/TAHUN,2015
188,52,NUSA TENGGARA BARAT,,RIBU RUPIAH/ORANG/TAHUN,2015
189,53,NUSA TENGGARA TIMUR,,RIBU RUPIAH/ORANG/TAHUN,2015
190,61,KALIMANTAN BARAT,,RIBU RUPIAH/ORANG/TAHUN,2015
191,62,KALIMANTAN TENGAH,,RIBU RUPIAH/ORANG/TAHUN,2015
192,63,KALIMANTAN SELATAN,,RIBU RUPIAH/ORANG/TAHUN,2015
193,64,KALIMANTAN TIMUR,,RIBU RUPIAH/ORANG/TAHUN,2015
194,65,KALIMANTAN UTARA,,RIBU RUPIAH/ORANG/TAHUN,2015
195,71,SULAWESI UTARA,,RIBU RUPIAH/ORANG/TAHUN,2015
196,72,SULAWESI TENGAH,,RIBU RUPIAH/ORANG/TAHUN,2015
197,73,SULAWESI SELATAN,,RIBU RUPIAH/ORANG/TAHUN,2015
198,74,SULAWESI TENGGARA,,RIBU RUPIAH/ORANG/TAHUN,2015
199,75,GORONTALO,,RIBU RUPIAH/ORANG/TAHUN,2015
200,76,SULAWESI BARAT,,RIBU RUPIAH/ORANG/TAHUN,2015
201,81,MALUKU,,RIBU RUPIAH/ORANG/TAHUN,2015
202,82,MALUKU UTARA,,RIBU RUPIAH/ORANG/TAHUN,2015
203,91,PAPUA BARAT,,RIBU RUPIAH/ORANG/TAHUN,2015
204,94,PAPUA,,RIBU RUPIAH/ORANG/TAHUN,2015
205,11,ACEH,8768.0,RIBU RUPIAH/ORANG/TAHUN,2016
206,12,SUMATERA UTARA,9744.0,RIBU RUPIAH/ORANG/TAHUN,2016
207,13,SUMATERA BARAT,10126.0,RIBU RUPIAH/ORANG/TAHUN,2016
208,14,RIAU,10465.0,RIBU RUPIAH/ORANG/TAHUN,2016
209,15,JAMBI,9795.0,RIBU RUPIAH/ORANG/TAHUN,2016
210,16,SUMATERA SELATAN,9935.0,RIBU RUPIAH/ORANG/TAHUN,2016
211,17,BENGKULU,9492.0,RIBU RUPIAH/ORANG/TAHUN,2016
212,18,LAMPUNG,9156.0,RIBU RUPIAH/ORANG/TAHUN,2016
213,19,KEPULAUAN BANGKA BELITUNG,11960.0,RIBU RUPIAH/ORANG/TAHUN,2016
214,21,KEPULAUAN RIAU,13359.0,RIBU RUPIAH/ORANG/TAHUN,2016
215,31,DKI JAKARTA,17468.0,RIBU RUPIAH/ORANG/TAHUN,2016
216,32,JAWA BARAT,10035.0,RIBU RUPIAH/ORANG/TAHUN,2016
217,33,JAWA TENGAH,10153.0,RIBU RUPIAH/ORANG/TAHUN,2016
218,34,DI YOGYAKARTA,13229.0,RIBU RUPIAH/ORANG/TAHUN,2016
219,35,JAWA TIMUR,10715.0,RIBU RUPIAH/ORANG/TAHUN,2016
220,36,BANTEN,11469.0,RIBU RUPIAH/ORANG/TAHUN,2016
221,51,BALI,13279.0,RIBU RUPIAH/ORANG/TAHUN,2016
222,52,NUSA TENGGARA BARAT,9575.0,RIBU RUPIAH/ORANG/TAHUN,2016
223,53,NUSA TENGGARA TIMUR,7122.0,RIBU RUPIAH/ORANG/TAHUN,2016
224,61,KALIMANTAN BARAT,8348.0,RIBU RUPIAH/ORANG/TAHUN,2016
225,62,KALIMANTAN TENGAH,10155.0,RIBU RUPIAH/ORANG/TAHUN,2016
226,63,KALIMANTAN SELATAN,11307.0,RIBU RUPIAH/ORANG/TAHUN,2016
227,64,KALIMANTAN TIMUR,11355.0,RIBU RUPIAH/ORANG/TAHUN,2016
228,65,KALIMANTAN UTARA,8434.0,RIBU RUPIAH/ORANG/TAHUN,2016
229,71,SULAWESI UTARA,10148.0,RIBU RUPIAH/ORANG/TAHUN,2016
230,72,SULAWESI TENGAH,9034.0,RIBU RUPIAH/ORANG/TAHUN,2016
231,73,SULAWESI SELATAN,10281.0,RIBU RUPIAH/ORANG/TAHUN,2016
232,74,SULAWESI TENGGARA,8871.0,RIBU RUPIAH/ORANG/TAHUN,2016
233,75,GORONTALO,9175.0,RIBU RUPIAH/ORANG/TAHUN,2016
234,76,SULAWESI BARAT,8450.0,RIBU RUPIAH/ORANG/TAHUN,2016
235,81,MALUKU,8215.0,RIBU RUPIAH/ORANG/TAHUN,2016
236,82,MALUKU UTARA,7545.0,RIBU RUPIAH/ORANG/TAHUN,2016
237,91,PAPUA BARAT,7175.0,RIBU RUPIAH/ORANG/TAHUN,2016
238,94,PAPUA,6637.0,RIBU RUPIAH/ORANG/TAHUN,2016
239,11,ACEH,8957.0,RIBU RUPIAH/ORANG/TAHUN,2017
240,12,SUMATERA UTARA,10036.0,RIBU RUPIAH/ORANG/TAHUN,2017
241,13,SUMATERA BARAT,10306.0,RIBU RUPIAH/ORANG/TAHUN,2017
242,14,RIAU,10677.0,RIBU RUPIAH/ORANG/TAHUN,2017
243,15,JAMBI,9880.0,RIBU RUPIAH/ORANG/TAHUN,2017
244,16,SUMATERA SELATAN,10220.0,RIBU RUPIAH/ORANG/TAHUN,2017
245,17,BENGKULU,9778.0,RIBU RUPIAH/ORANG/TAHUN,2017
246,18,LAMPUNG,9413.0,RIBU RUPIAH/ORANG/TAHUN,2017
247,19,KEPULAUAN BANGKA BELITUNG,12066.0,RIBU RUPIAH/ORANG/TAHUN,2017
248,21,KEPULAUAN RIAU,13566.0,RIBU RUPIAH/ORANG/TAHUN,2017
249,31,DKI JAKARTA,17707.0,RIBU RUPIAH/ORANG/TAHUN,2017
250,32,JAWA BARAT,10285.0,RIBU RUPIAH/ORANG/TAHUN,2017
251,33,JAWA TENGAH,10377.0,RIBU RUPIAH/ORANG/TAHUN,2017
252,34,DI YOGYAKARTA,13521.0,RIBU RUPIAH/ORANG/TAHUN,2017
253,35,JAWA TIMUR,10973.0,RIBU RUPIAH/ORANG/TAHUN,2017
254,36,BANTEN,11659.0,RIBU RUPIAH/ORANG/TAHUN,2017
255,51,BALI,13573.0,RIBU RUPIAH/ORANG/TAHUN,2017
256,52,NUSA TENGGARA BARAT,9877.0,RIBU RUPIAH/ORANG/TAHUN,2017
257,53,NUSA TENGGARA TIMUR,7350.0,RIBU RUPIAH/ORANG/TAHUN,2017
258,61,KALIMANTAN BARAT,8472.0,RIBU RUPIAH/ORANG/TAHUN,2017
259,62,KALIMANTAN TENGAH,10492.0,RIBU RUPIAH/ORANG/TAHUN,2017
260,63,KALIMANTAN SELATAN,11600.0,RIBU RUPIAH/ORANG/TAHUN,2017
261,64,KALIMANTAN TIMUR,11612.0,RIBU RUPIAH/ORANG/TAHUN,2017
262,65,KALIMANTAN UTARA,8643.0,RIBU RUPIAH/ORANG/TAHUN,2017
263,71,SULAWESI UTARA,10422.0,RIBU RUPIAH/ORANG/TAHUN,2017
264,72,SULAWESI TENGAH,9311.0,RIBU RUPIAH/ORANG/TAHUN,2017
265,73,SULAWESI SELATAN,10489.0,RIBU RUPIAH/ORANG/TAHUN,2017
266,74,SULAWESI TENGGARA,9094.0,RIBU RUPIAH/ORANG/TAHUN,2017
267,75,GORONTALO,9532.0,RIBU RUPIAH/ORANG/TAHUN,2017
268,76,SULAWESI BARAT,8736.0,RIBU RUPIAH/ORANG/TAHUN,2017
269,81,MALUKU,8433.0,RIBU RUPIAH/ORANG/TAHUN,2017
270,82,MALUKU UTARA,7792.0,RIBU RUPIAH/ORANG/TAHUN,2017
271,91,PAPUA BARAT,7493.0,RIBU RUPIAH/ORANG/TAHUN,2017
272,94,PAPUA,6996.0,RIBU RUPIAH/ORANG/TAHUN,2017
273,11,ACEH,9186.0,RIBU RUPIAH/ORANG/TAHUN,2018
274,12,SUMATERA UTARA,10391.0,RIBU RUPIAH/ORANG/TAHUN,2018
275,13,SUMATERA BARAT,10638.0,RIBU RUPIAH/ORANG/TAHUN,2018
276,14,RIAU,10968.0,RIBU RUPIAH/ORANG/TAHUN,2018
277,15,JAMBI,10357.0,RIBU RUPIAH/ORANG/TAHUN,2018
278,16,SUMATERA SELATAN,10652.0,RIBU RUPIAH/ORANG/TAHUN,2018
279,17,BENGKULU,10162.0,RIBU RUPIAH/ORANG/TAHUN,2018
280,18,LAMPUNG,9858.0,RIBU RUPIAH/ORANG/TAHUN,2018
281,19,KEPULAUAN BANGKA BELITUNG,12666.0,RIBU RUPIAH/ORANG/TAHUN,2018
282,21,KEPULAUAN RIAU,13976.0,RIBU RUPIAH/ORANG/TAHUN,2018
283,31,DKI JAKARTA,18128.0,RIBU RUPIAH/ORANG/TAHUN,2018
284,32,JAWA BARAT,10790.0,RIBU RUPIAH/ORANG/TAHUN,2018
285,33,JAWA TENGAH,10777.0,RIBU RUPIAH/ORANG/TAHUN,2018
286,34,DI YOGYAKARTA,13946.0,RIBU RUPIAH/ORANG/TAHUN,2018
287,35,JAWA TIMUR,11380.0,RIBU RUPIAH/ORANG/TAHUN,2018
288,36,BANTEN,11994.0,RIBU RUPIAH/ORANG/TAHUN,2018
289,51,BALI,13886.0,RIBU RUPIAH/ORANG/TAHUN,2018
290,52,NUSA TENGGARA BARAT,10284.0,RIBU RUPIAH/ORANG/TAHUN,2018
291,53,NUSA TENGGARA TIMUR,7566.0,RIBU RUPIAH/ORANG/TAHUN,2018
292,61,KALIMANTAN BARAT,8860.0,RIBU RUPIAH/ORANG/TAHUN,2018
293,62,KALIMANTAN TENGAH,10931.0,RIBU RUPIAH/ORANG/TAHUN,2018
294,63,KALIMANTAN SELATAN,12062.0,RIBU RUPIAH/ORANG/TAHUN,2018
295,64,KALIMANTAN TIMUR,11917.0,RIBU RUPIAH/ORANG/TAHUN,2018
296,65,KALIMANTAN UTARA,8943.0,RIBU RUPIAH/ORANG/TAHUN,2018
297,71,SULAWESI UTARA,10731.0,RIBU RUPIAH/ORANG/TAHUN,2018
298,72,SULAWESI TENGAH,9488.0,RIBU RUPIAH/ORANG/TAHUN,2018
299,73,SULAWESI SELATAN,10814.0,RIBU RUPIAH/ORANG/TAHUN,2018
300,74,SULAWESI TENGGARA,9262.0,RIBU RUPIAH/ORANG/TAHUN,2018
301,75,GORONTALO,9839.0,RIBU RUPIAH/ORANG/TAHUN,2018
302,76,SULAWESI BARAT,9051.0,RIBU RUPIAH/ORANG/TAHUN,2018
303,81,MALUKU,8721.0,RIBU RUPIAH/ORANG/TAHUN,2018
304,82,MALUKU UTARA,7980.0,RIBU RUPIAH/ORANG/TAHUN,2018
305,91,PAPUA BARAT,7816.0,RIBU RUPIAH/ORANG/TAHUN,2018
306,94,PAPUA,7159.0,RIBU RUPIAH/ORANG/TAHUN,2018
307,11,ACEH,9603.0,RIBU RUPIAH/ORANG/TAHUN,2019
308,12,SUMATERA UTARA,11115.0,RIBU RUPIAH/ORANG/TAHUN,2019
309,13,SUMATERA BARAT,10925.0,RIBU RUPIAH/ORANG/TAHUN,2019
310,14,RIAU,11255.0,RIBU RUPIAH/ORANG/TAHUN,2019
311,15,JAMBI,10592.0,RIBU RUPIAH/ORANG/TAHUN,2019
312,16,SUMATERA SELATAN,10937.0,RIBU RUPIAH/ORANG/TAHUN,2019
313,17,BENGKULU,10409.0,RIBU RUPIAH/ORANG/TAHUN,2019
314,18,LAMPUNG,10114.0,RIBU RUPIAH/ORANG/TAHUN,2019
315,19,KEPULAUAN BANGKA BELITUNG,12959.0,RIBU RUPIAH/ORANG/TAHUN,2019
316,21,KEPULAUAN RIAU,14466.0,RIBU RUPIAH/ORANG/TAHUN,2019
317,31,DKI JAKARTA,18527.0,RIBU RUPIAH/ORANG/TAHUN,2019
318,32,JAWA BARAT,11152.0,RIBU RUPIAH/ORANG/TAHUN,2019
319,33,JAWA TENGAH,11102.0,RIBU RUPIAH/ORANG/TAHUN,2019
320,34,DI YOGYAKARTA,14394.0,RIBU RUPIAH/ORANG/TAHUN,2019
321,35,JAWA TIMUR,11739.0,RIBU RUPIAH/ORANG/TAHUN,2019
322,36,BANTEN,12267.0,RIBU RUPIAH/ORANG/TAHUN,2019
323,51,BALI,14146.0,RIBU RUPIAH/ORANG/TAHUN,2019
324,52,NUSA TENGGARA BARAT,10640.0,RIBU RUPIAH/ORANG/TAHUN,2019
325,53,NUSA TENGGARA TIMUR,7769.0,RIBU RUPIAH/ORANG/TAHUN,2019
326,61,KALIMANTAN BARAT,9055.0,RIBU RUPIAH/ORANG/TAHUN,2019
327,62,KALIMANTAN TENGAH,11236.0,RIBU RUPIAH/ORANG/TAHUN,2019
328,63,KALIMANTAN SELATAN,12253.0,RIBU RUPIAH/ORANG/TAHUN,2019
329,64,KALIMANTAN TIMUR,12359.0,RIBU RUPIAH/ORANG/TAHUN,2019
330,65,KALIMANTAN UTARA,9343.0,RIBU RUPIAH/ORANG/TAHUN,2019
331,71,SULAWESI UTARA,11115.0,RIBU RUPIAH/ORANG/TAHUN,2019
332,72,SULAWESI TENGAH,9604.0,RIBU RUPIAH/ORANG/TAHUN,2019
333,73,SULAWESI SELATAN,11118.0,RIBU RUPIAH/ORANG/TAHUN,2019
334,74,SULAWESI TENGGARA,9436.0,RIBU RUPIAH/ORANG/TAHUN,2019
335,75,GORONTALO,10075.0,RIBU RUPIAH/ORANG/TAHUN,2019
336,76,SULAWESI BARAT,9235.0,RIBU RUPIAH/ORANG/TAHUN,2019
337,81,MALUKU,8887.0,RIBU RUPIAH/ORANG/TAHUN,2019
338,82,MALUKU UTARA,8308.0,RIBU RUPIAH/ORANG/TAHUN,2019
339,91,PAPUA BARAT,8125.0,RIBU RUPIAH/ORANG/TAHUN,2019
340,94,PAPUA,7336.0,RIBU RUPIAH/ORANG/TAHUN,2019
341,11,ACEH,9492.0,RIBU RUPIAH/ORANG/TAHUN,2020
342,12,SUMATERA UTARA,10420.0,RIBU RUPIAH/ORANG/TAHUN,2020
343,13,SUMATERA BARAT,10733.0,RIBU RUPIAH/ORANG/TAHUN,2020
344,14,RIAU,10675.0,RIBU RUPIAH/ORANG/TAHUN,2020
345,15,JAMBI,10392.0,RIBU RUPIAH/ORANG/TAHUN,2020
346,16,SUMATERA SELATAN,10652.0,RIBU RUPIAH/ORANG/TAHUN,2020
347,17,BENGKULU,10380.0,RIBU RUPIAH/ORANG/TAHUN,2020
348,18,LAMPUNG,9982.0,RIBU RUPIAH/ORANG/TAHUN,2020
349,19,KEPULAUAN BANGKA BELITUNG,12794.0,RIBU RUPIAH/ORANG/TAHUN,2020
350,21,KEPULAUAN RIAU,14209.0,RIBU RUPIAH/ORANG/TAHUN,2020
351,31,DKI JAKARTA,18227.0,RIBU RUPIAH/ORANG/TAHUN,2020
352,32,JAWA BARAT,10845.0,RIBU RUPIAH/ORANG/TAHUN,2020
353,33,JAWA TENGAH,10930.0,RIBU RUPIAH/ORANG/TAHUN,2020
354,34,DI YOGYAKARTA,14015.0,RIBU RUPIAH/ORANG/TAHUN,2020
355,35,JAWA TIMUR,11601.0,RIBU RUPIAH/ORANG/TAHUN,2020
356,36,BANTEN,11964.0,RIBU RUPIAH/ORANG/TAHUN,2020
357,51,BALI,13929.0,RIBU RUPIAH/ORANG/TAHUN,2020
358,52,NUSA TENGGARA BARAT,10351.0,RIBU RUPIAH/ORANG/TAHUN,2020
359,53,NUSA TENGGARA TIMUR,7598.0,RIBU RUPIAH/ORANG/TAHUN,2020
360,61,KALIMANTAN BARAT,8930.0,RIBU RUPIAH/ORANG/TAHUN,2020
361,62,KALIMANTAN TENGAH,11154.0,RIBU RUPIAH/ORANG/TAHUN,2020
362,63,KALIMANTAN SELATAN,12032.0,RIBU RUPIAH/ORANG/TAHUN,2020
363,64,KALIMANTAN TIMUR,11728.0,RIBU RUPIAH/ORANG/TAHUN,2020
364,65,KALIMANTAN UTARA,8756.0,RIBU RUPIAH/ORANG/TAHUN,2020
365,71,SULAWESI UTARA,10791.0,RIBU RUPIAH/ORANG/TAHUN,2020
366,72,SULAWESI TENGAH,9335.0,RIBU RUPIAH/ORANG/TAHUN,2020
367,73,SULAWESI SELATAN,11079.0,RIBU RUPIAH/ORANG/TAHUN,2020
368,74,SULAWESI TENGGARA,9331.0,RIBU RUPIAH/ORANG/TAHUN,2020
369,75,GORONTALO,10020.0,RIBU RUPIAH/ORANG/TAHUN,2020
370,76,SULAWESI BARAT,9168.0,RIBU RUPIAH/ORANG/TAHUN,2020
371,81,MALUKU,8732.0,RIBU RUPIAH/ORANG/TAHUN,2020
372,82,MALUKU UTARA,8032.0,RIBU RUPIAH/ORANG/TAHUN,2020
373,91,PAPUA BARAT,8086.0,RIBU RUPIAH/ORANG/TAHUN,2020
374,92,PAPUA,6954.0,RIBU RUPIAH/ORANG/TAHUN,2020
375,11,ACEH,9572.0,RIBU RUPIAH/ORANG/TAHUN,2021
376,12,SUMATERA UTARA,10499.0,RIBU RUPIAH/ORANG/TAHUN,2021
377,13,SUMATERA BARAT,10790.0,RIBU RUPIAH/ORANG/TAHUN,2021
378,14,RIAU,10736.0,RIBU RUPIAH/ORANG/TAHUN,2021
379,15,JAMBI,10588.0,RIBU RUPIAH/ORANG/TAHUN,2021
380,16,SUMATERA SELATAN,10662.0,RIBU RUPIAH/ORANG/TAHUN,2021
381,17,BENGKULU,10487.0,RIBU RUPIAH/ORANG/TAHUN,2021
382,18,LAMPUNG,10038.0,RIBU RUPIAH/ORANG/TAHUN,2021
383,19,KEPULAUAN BANGKA BELITUNG,12819.0,RIBU RUPIAH/ORANG/TAHUN,2021
384,21,KEPULAUAN RIAU,14122.0,RIBU RUPIAH/ORANG/TAHUN,2021
385,31,DKI JAKARTA,18520.0,RIBU RUPIAH/ORANG/TAHUN,2021
386,32,JAWA BARAT,10934.0,RIBU RUPIAH/ORANG/TAHUN,2021
387,33,JAWA TENGAH,11034.0,RIBU RUPIAH/ORANG/TAHUN,2021
388,34,DI YOGYAKARTA,14111.0,RIBU RUPIAH/ORANG/TAHUN,2021
389,35,JAWA TIMUR,11707.0,RIBU RUPIAH/ORANG/TAHUN,2021
390,36,BANTEN,12033.0,RIBU RUPIAH/ORANG/TAHUN,2021
391,51,BALI,13820.0,RIBU RUPIAH/ORANG/TAHUN,2021
392,52,NUSA TENGGARA BARAT,10377.0,RIBU RUPIAH/ORANG/TAHUN,2021
393,53,NUSA TENGGARA TIMUR,7554.0,RIBU RUPIAH/ORANG/TAHUN,2021
394,61,KALIMANTAN BARAT,8974.0,RIBU RUPIAH/ORANG/TAHUN,2021
395,62,KALIMANTAN TENGAH,11182.0,RIBU RUPIAH/ORANG/TAHUN,2021
396,63,KALIMANTAN SELATAN,12143.0,RIBU RUPIAH/ORANG/TAHUN,2021
397,64,KALIMANTAN TIMUR,12116.0,RIBU RUPIAH/ORANG/TAHUN,2021
398,65,KALIMANTAN UTARA,9075.0,RIBU RUPIAH/ORANG/TAHUN,2021
399,71,SULAWESI UTARA,10882.0,RIBU RUPIAH/ORANG/TAHUN,2021
400,72,SULAWESI TENGAH,9378.0,RIBU RUPIAH/ORANG/TAHUN,2021
401,73,SULAWESI SELATAN,11184.0,RIBU RUPIAH/ORANG/TAHUN,2021
402,74,SULAWESI TENGGARA,9381.0,RIBU RUPIAH/ORANG/TAHUN,2021
403,75,GORONTALO,10157.0,RIBU RUPIAH/ORANG/TAHUN,2021
404,76,SULAWESI BARAT,9153.0,RIBU RUPIAH/ORANG/TAHUN,2021
405,81,MALUKU,8770.0,RIBU RUPIAH/ORANG/TAHUN,2021
406,82,MALUKU UTARA,8140.0,RIBU RUPIAH/ORANG/TAHUN,2021
407,91,PAPUA BARAT,7929.0,RIBU RUPIAH/ORANG/TAHUN,2021
408,92,PAPUA,6955.0,RIBU RUPIAH/ORANG/TAHUN,2021
409,11,ACEH,9963.0,RIBU RUPIAH/ORANG/TAHUN,2022
410,12,SUMATERA UTARA,10848.0,RIBU RUPIAH/ORANG/TAHUN,2022
411,13,SUMATERA BARAT,11130.0,RIBU RUPIAH/ORANG/TAHUN,2022
412,14,RIAU,11158.0,RIBU RUPIAH/ORANG/TAHUN,2022
413,15,JAMBI,10871.0,RIBU RUPIAH/ORANG/TAHUN,2022
414,16,SUMATERA SELATAN,11109.0,RIBU RUPIAH/ORANG/TAHUN,2022
415,17,BENGKULU,10840.0,RIBU RUPIAH/ORANG/TAHUN,2022
416,18,LAMPUNG,10336.0,RIBU RUPIAH/ORANG/TAHUN,2022
417,19,KEPULAUAN BANGKA BELITUNG,13358.0,RIBU RUPIAH/ORANG/TAHUN,2022
418,21,KEPULAUAN RIAU,14469.0,RIBU RUPIAH/ORANG/TAHUN,2022
419,31,DKI JAKARTA,18927.0,RIBU RUPIAH/ORANG/TAHUN,2022
420,32,JAWA BARAT,11277.0,RIBU RUPIAH/ORANG/TAHUN,2022
421,33,JAWA TENGAH,11377.0,RIBU RUPIAH/ORANG/TAHUN,2022
422,34,DI YOGYAKARTA,14482.0,RIBU RUPIAH/ORANG/TAHUN,2022
423,35,JAWA TIMUR,11992.0,RIBU RUPIAH/ORANG/TAHUN,2022
424,36,BANTEN,12216.0,RIBU RUPIAH/ORANG/TAHUN,2022
425,51,BALI,13942.0,RIBU RUPIAH/ORANG/TAHUN,2022
426,52,NUSA TENGGARA BARAT,10681.0,RIBU RUPIAH/ORANG/TAHUN,2022
427,53,NUSA TENGGARA TIMUR,7877.0,RIBU RUPIAH/ORANG/TAHUN,2022
428,61,KALIMANTAN BARAT,9355.0,RIBU RUPIAH/ORANG/TAHUN,2022
429,62,KALIMANTAN TENGAH,11458.0,RIBU RUPIAH/ORANG/TAHUN,2022
430,63,KALIMANTAN SELATAN,12469.0,RIBU RUPIAH/ORANG/TAHUN,2022
431,64,KALIMANTAN TIMUR,12641.0,RIBU RUPIAH/ORANG/TAHUN,2022
432,65,KALIMANTAN UTARA,9350.0,RIBU RUPIAH/ORANG/TAHUN,2022
433,71,SULAWESI UTARA,11179.0,RIBU RUPIAH/ORANG/TAHUN,2022
434,72,SULAWESI TENGAH,9696.0,RIBU RUPIAH/ORANG/TAHUN,2022
435,73,SULAWESI SELATAN,11430.0,RIBU RUPIAH/ORANG/TAHUN,2022
436,74,SULAWESI TENGGARA,9708.0,RIBU RUPIAH/ORANG/TAHUN,2022
437,75,GORONTALO,10687.0,RIBU RUPIAH/ORANG/TAHUN,2022
438,76,SULAWESI BARAT,9358.0,RIBU RUPIAH/ORANG/TAHUN,2022
439,81,MALUKU,8876.0,RIBU RUPIAH/ORANG/TAHUN,2022
440,82,MALUKU UTARA,8398.0,RIBU RUPIAH/ORANG/TAHUN,2022
441,91,PAPUA BARAT,8101.0,RIBU RUPIAH/ORANG/TAHUN,2022
442,92,PAPUA,7146.0,RIBU RUPIAH/ORANG/TAHUN,2022
443,11,ACEH,10334.0,RIBU RUPIAH/ORANG/TAHUN,2023
444,12,SUMATERA UTARA,11049.0,RIBU RUPIAH/ORANG/TAHUN,2023
445,13,SUMATERA BARAT,11380.0,RIBU RUPIAH/ORANG/TAHUN,2023
446,14,RIAU,11448.0,RIBU RUPIAH/ORANG/TAHUN,2023
447,15,JAMBI,11160.0,RIBU RUPIAH/ORANG/TAHUN,2023
448,16,SUMATERA SELATAN,11472.0,RIBU RUPIAH/ORANG/TAHUN,2023
449,17,BENGKULU,11172.0,RIBU RUPIAH/ORANG/TAHUN,2023
450,18,LAMPUNG,10769.0,RIBU RUPIAH/ORANG/TAHUN,2023
451,19,KEPULAUAN BANGKA BELITUNG,13589.0,RIBU RUPIAH/ORANG/TAHUN,2023
452,21,KEPULAUAN RIAU,14998.0,RIBU RUPIAH/ORANG/TAHUN,2023
453,31,DKI JAKARTA,19373.0,RIBU RUPIAH/ORANG/TAHUN,2023
454,32,JAWA BARAT,11695.0,RIBU RUPIAH/ORANG/TAHUN,2023
455,33,JAWA TENGAH,11835.0,RIBU RUPIAH/ORANG/TAHUN,2023
456,34,DI YOGYAKARTA,14924.0,RIBU RUPIAH/ORANG/TAHUN,2023
457,35,JAWA TIMUR,12421.0,RIBU RUPIAH/ORANG/TAHUN,2023
458,36,BANTEN,12601.0,RIBU RUPIAH/ORANG/TAHUN,2023
459,51,BALI,14382.0,RIBU RUPIAH/ORANG/TAHUN,2023
460,52,NUSA TENGGARA BARAT,11095.0,RIBU RUPIAH/ORANG/TAHUN,2023
461,53,NUSA TENGGARA TIMUR,8248.0,RIBU RUPIAH/ORANG/TAHUN,2023
462,61,KALIMANTAN BARAT,9810.0,RIBU RUPIAH/ORANG/TAHUN,2023
463,62,KALIMANTAN TENGAH,11878.0,RIBU RUPIAH/ORANG/TAHUN,2023
464,63,KALIMANTAN SELATAN,12953.0,RIBU RUPIAH/ORANG/TAHUN,2023
465,64,KALIMANTAN TIMUR,13202.0,RIBU RUPIAH/ORANG/TAHUN,2023
466,65,KALIMANTAN UTARA,9734.0,RIBU RUPIAH/ORANG/TAHUN,2023
467,71,SULAWESI UTARA,11497.0,RIBU RUPIAH/ORANG/TAHUN,2023
468,72,SULAWESI TENGAH,10149.0,RIBU RUPIAH/ORANG/TAHUN,2023
469,73,SULAWESI SELATAN,11841.0,RIBU RUPIAH/ORANG/TAHUN,2023
470,74,SULAWESI TENGGARA,10117.0,RIBU RUPIAH/ORANG/TAHUN,2023
471,75,GORONTALO,11069.0,RIBU RUPIAH/ORANG/TAHUN,2023
472,76,SULAWESI BARAT,9718.0,RIBU RUPIAH/ORANG/TAHUN,2023
473,81,MALUKU,9278.0,RIBU RUPIAH/ORANG/TAHUN,2023
474,82,MALUKU UTARA,8834.0,RIBU RUPIAH/ORANG/TAHUN,2023
475,91,PAPUA BARAT,8404.0,RIBU RUPIAH/ORANG/TAHUN,2023
476,94,PAPUA,7562.0,RIBU RUPIAH/ORANG/TAHUN,2023
477,11,ACEH,10811.0,RIBU RUPIAH/ORANG/TAHUN,2024
478,12,SUMATERA UTARA,11460.0,RIBU RUPIAH/ORANG/TAHUN,2024
479,13,SUMATERA BARAT,11718.0,RIBU RUPIAH/ORANG/TAHUN,2024
480,14,RIAU,11857.0,RIBU RUPIAH/ORANG/TAHUN,2024
481,15,JAMBI,11621.0,RIBU RUPIAH/ORANG/TAHUN,2024
482,16,SUMATERA SELATAN,12015.0,RIBU RUPIAH/ORANG/TAHUN,2024
483,17,BENGKULU,11733.0,RIBU RUPIAH/ORANG/TAHUN,2024
484,18,LAMPUNG,11258.0,RIBU RUPIAH/ORANG/TAHUN,2024
485,19,KEPULAUAN BANGKA BELITUNG,13667.0,RIBU RUPIAH/ORANG/TAHUN,2024
486,21,KEPULAUAN RIAU,15573.0,RIBU RUPIAH/ORANG/TAHUN,2024
487,31,DKI JAKARTA,19953.0,RIBU RUPIAH/ORANG/TAHUN,2024
488,32,JAWA BARAT,12157.0,RIBU RUPIAH/ORANG/TAHUN,2024
489,33,JAWA TENGAH,12276.0,RIBU RUPIAH/ORANG/TAHUN,2024
490,34,DI YOGYAKARTA,15361.0,RIBU RUPIAH/ORANG/TAHUN,2024
491,35,JAWA TIMUR,12852.0,RIBU RUPIAH/ORANG/TAHUN,2024
492,36,BANTEN,13097.0,RIBU RUPIAH/ORANG/TAHUN,2024
493,51,BALI,14920.0,RIBU RUPIAH/ORANG/TAHUN,2024
494,52,NUSA TENGGARA BARAT,11606.0,RIBU RUPIAH/ORANG/TAHUN,2024
495,53,NUSA TENGGARA TIMUR,8534.0,RIBU RUPIAH/ORANG/TAHUN,2024
496,61,KALIMANTAN BARAT,10321.0,RIBU RUPIAH/ORANG/TAHUN,2024
497,62,KALIMANTAN TENGAH,12303.0,RIBU RUPIAH/ORANG/TAHUN,2024
498,63,KALIMANTAN SELATAN,13399.0,RIBU RUPIAH/ORANG/TAHUN,2024
499,64,KALIMANTAN TIMUR,13793.0,RIBU RUPIAH/ORANG/TAHUN,2024
500,65,KALIMANTAN UTARA,10197.0,RIBU RUPIAH/ORANG/TAHUN,2024
501,71,SULAWESI UTARA,11998.0,RIBU RUPIAH/ORANG/TAHUN,2024
502,72,SULAWESI TENGAH,10536.0,RIBU RUPIAH/ORANG/TAHUN,2024
503,73,SULAWESI SELATAN,10235.0,RIBU RUPIAH/ORANG/TAHUN,2024
504,74,SULAWESI TENGGARA,10606.0,RIBU RUPIAH/ORANG/TAHUN,2024
505,75,GORONTALO,11539.0,RIBU RUPIAH/ORANG/TAHUN,2024
506,76,SULAWESI BARAT,10208.0,RIBU RUPIAH/ORANG/TAHUN,2024
507,81,MALUKU,9684.0,RIBU RUPIAH/ORANG/TAHUN,2024
508,82,MALUKU UTARA,9320.0,RIBU RUPIAH/ORANG/TAHUN,2024
509,91,PAPUA BARAT,8805.0,RIBU RUPIAH/ORANG/TAHUN,2024
510,92,PAPUA BARAT DAYA,8733.0,RIBU RUPIAH/ORANG/TAHUN,2024
511,94,PAPUA,11037.0,RIBU RUPIAH/ORANG/TAHUN,2024
512,95,PAPUA SELATAN,9756.0,RIBU RUPIAH/ORANG/TAHUN,2024
513,96,PAPUA TENGAH,7809.0,RIBU RUPIAH/ORANG/TAHUN,2024
514,97,PAPUA PEGUNUNGAN,5707.0,RIBU RUPIAH/ORANG/TAHUN,2024
